FILTER,USERNAME,URL,TWEET,TIMESTAMP,,,,
x,dunyanetwork,https://pbs.twimg.com/media/BU7LHswCMAAFdGS.png,"If Afghan SIM used in blast, related firm will pay diat' #Pakistan #Dunyatv http://t.co/s3xer21YjK",2013-09-24T11:29:35.000Z,,,,:
x,Medispa777,https://fbcdn-profile-a.akamaihd.net/hprofile-ak-prn1/50213_558055487593047_161113075_q.jpg,"RT @censorednewsnow: #OccupyTheBanks - Let's ROLL!: #PAKISTAN TV HEARS THE WHITE RABBIT #OBAMA OSAMA KILL ""HOAX"" #US #CIA #PSYOPS http://t._¢‚Ç¨¬¶",2013-09-24T11:29:35.000Z,,,,:
x,Madina_e_Sani,https://fbcdn-profile-a.akamaihd.net/hprofile-ak-prn1/50213_558055487593047_161113075_q.jpg,Video | #Kashmir Prime Minister Pledges Full #Pakistan Support | http://t.co/lcCE6CUGej #YFK @kashmir4pak,2013-09-24T11:29:07.000Z,,,,:
x,mumairdabeer,https://pbs.twimg.com/media/BU7LHswCMAAFdGS.png,RT @Kali_Ghata: Jamia tul Islamia Al-Nust ! New name for #Nust #Pakistan #Islamabad,2013-09-24T11:30:02.000Z,Sindh,Pakistan,67.0822,24.9056:
x,KhabarKiDUNYA,https://pbs.twimg.com/media/BU6TLRbCEAAZqu8.jpg,#ArmyChief calls on #President Mamnoon #PMLN #Pakistan #Dunyatv http://t.co/35lxnfkqEE _¢‚Ç¨¬¶,2013-09-24T11:30:24.000Z,,Pakistan,70,30.0:
x,SportsNews_Roy,https://pbs.twimg.com/media/BU7LHswCMAAFdGS.png,RT @DailyMuballigh: #Pakistan #UrduNews _ö¬Ø_ò¬±_ò¬¨_ò¬ß _ö¬Ø_ö¬æ_ò¬± _ô¬æ_ò¬± _ò¬__ô‚Ä¶_ô‚Äû_õ¬Å _ô¬æ_ò¬ß_ö¬©_ò¬__ò¬™_ò¬ß_ô‚Ä† _ö¬©_ôÀÜ _ò¬®_ò¬Ø_ô‚Ä†_ò¬ß_ô‚Ä¶ _ö¬©_ò¬±_ô‚Ä†_õ‚Äô _ö¬©_õ_í _ò¬__ò¬ß_ò¬__ò¬¥ _õ¬Å_õ‚Äô _ò_í_ö¬Ø_ôÀÜ_ò¬±_ô‚Ä†_ò¬± _ô¬æ_ô‚Ä†_ò¬¨_ò¬ß_ò¬® http://t.co/xOD1jAFuor,2013-09-24T11:33:46.000Z,Sindh,Pakistan,67.0822,24.9056:
x,elenanunzio,https://fbcdn-profile-a.akamaihd.net/hprofile-ak-prn1/50213_558055487593047_161113075_q.jpg,RT @AlMonitor: #Hezbollah believes #Saudi's Bandar bin Sultan is behind string of bombings from #Pakistan to #Lebanon @alihashem_tv http://_¢‚Ç¨¬¶,2013-09-24T11:33:05.000Z,,,,:
x,PakistanFeed,https://scontent-a-ord.xx.fbcdn.net/hphotos-prn2/q71/1234336_463884240391633_1340687749_n.jpg,"Ahead of UN Summit, Hopes for an India-Pakistan Meeting - Voice of America | http://t.co/4ayhO0WBt3 | #Pakistan",2013-09-24T11:34:06.000Z,,,,:
x,burhaan,https://scontent-a-ord.xx.fbcdn.net/hphotos-prn1/q71/1238271_463884347058289_1416732875_n.jpg,Whoa! Godzilla makes his move #karachi #earthquake,2013-09-24T11:34:55.000Z,,Pakistan,70,30.0:
x,Ramiz_Hasan,https://pbs.twimg.com/media/BU4ahhKCEAAHVkg.jpg,RT @aurAdil: Heavy #Earthquake Jolts felt in Nazimabad #Karachi  Duration approx 7-10 seconds. Building evacuated.,2013-09-24T11:35:26.000Z,Calabarzon,Philippines,121.07654,14.30506:
x,EarthquakesData,https://scontent-b-ord.xx.fbcdn.net/hphotos-prn2/q71/9638_463884450391612_391996313_n.jpg,"#Earthquake at 21km W of Cohoe, Alaska 2.6 M. Detph 93.0 Km. - 2013-09-24 13:25:22 UTChttp://t.co/xu1PWVERo1",2013-09-24T11:35:04.000Z,,,,:
x,samimagoon,https://pbs.twimg.com/media/BU7M1rpCUAAZWLz.png,#earthquake,2013-09-24T11:35:54.000Z,Sindh,Pakistan,67.0822,24.9056:
x,Takhaan,https://pbs.twimg.com/media/BU7M1rpCUAAZWLz.png,I feel - #EarthQuake,2013-09-24T11:35:35.000Z,,,,:
x,GhareeboAjeeb,https://pbs.twimg.com/media/BU2BkhyCYAElVgG.jpg,Mae abhi bathroom janay hi wala tha. Bach gaya bc.#Earthquake,2013-09-24T11:36:06.000Z,Sindh,Pakistan,67.0822,24.9056:
x,kapilohri,https://pbs.twimg.com/media/BU4ahhKCEAAHVkg.jpg,#earthquake,2013-09-24T11:36:05.000Z,NCT,India,77.22445,28.63576:
x,bhskr,https://fbcdn-sphotos-h-a.akamaihd.net/hphotos-ak-prn1/q71/1238288_463884727058251_197603499_n.jpg,Felt tremors. #Earthquake #Ggn #NewDelhi. Confirmed.,2013-09-24T11:36:48.000Z,Haryana,India,77.02635,28.4601:
x,shrinewstv,https://pbs.twimg.com/media/BU7LHswCMAAFdGS.png,#Breakingnews - _†¬§¬¶_†¬§¬ø_†¬§¬__†¬•¬ç_†¬§¬__†¬•‚Ç¨-_†¬§¬è_†¬§¬®_†¬§¬__†¬•‚Ç¨_†¬§‚Ä†_†¬§¬_ _†¬§¬Æ_†¬•‚Ä°_†¬§‚Äö _†¬§¬__†¬•‚Äö_†¬§‚Ä¢_†¬§‚Äö_†¬§¬™ _†¬§‚Ä¢_†¬•‚Ä° _†¬§¬ù_†¬§___†¬§‚Ä¢_†¬•‚Ä° #earthquake#Shrinews   http://t.co/R0LCCwBnu1,2013-09-24T11:39:31.000Z,Uttar Pradesh,India,77.53601,28.49615:
x,CalamitousOne,https://pbs.twimg.com/media/BU7N1HKCEAA2onU.jpg,#Earthquake in #Karachi #Quetta #Delhi #Pakistan #India,2013-09-24T11:39:27.000Z,,,,:
x,Xplore_Pakistan,https://pbs.twimg.com/media/BU7N5veCcAAY81d.jpg,"#Pakistan #Tourism #Travel Dunlin at RSPB Leighton Moss in Lancashire, England - September... #Photography http://t.co/jGHdzzB4We",2013-09-24T11:39:29.000Z,,,,:
x,Abbas_Adeel,https://pbs.twimg.com/media/BU7N9h8CcAA5wtQ.jpg,"@SanaZehra12 #EarthQuake nai nai don't tell me,mujy to feel nai hoa!",2013-09-24T11:40:38.000Z,,Pakistan,70,30.0:
x,Micheldaou83,https://pbs.twimg.com/media/BU7M1rpCUAAZWLz.png,"#earthquake felt in Dubai, UAE, just minutes ago @unb_elie_vable",2013-09-24T11:40:37.000Z,,,,:
x,aliparas,https://fbcdn-profile-a.akamaihd.net/hprofile-ak-prn1/50213_558055487593047_161113075_q.jpg,"RT @husainhaqqani: Folks, in case of earthquake tremors, making sure you're safe is more important than tweeting #Karachi #Pakistan",2013-09-24T11:40:25.000Z,,Pakistan,70,30.0:
x,affanjaved,https://pbs.twimg.com/media/BMSHWQqCUAAM3Un.jpg,#2030NOW Abrar Mir talking about branch less banking  and financial inclusion for #pakistan #SocialGoodSummit,2013-09-24T11:41:22.000Z,Punjab,Pakistan,74.34361,31.54972:
x,afnalerts,https://pbs.twimg.com/media/BMSHWQqCUAAM3Un.jpg,"#BALOCHISTAN OR #KARACHI: MUKHTALIF ELAKON MA ZALZALY K JHATKY, SHAHRAH E FAISAL PA EMARAAT KHALI KARA LI GAYEN. 04:38pm",2013-09-24T11:41:17.000Z,Sindh,Pakistan,67.0822,24.9056:
x,SaqibSurani,https://pbs.twimg.com/media/BU4ahhKCEAAHVkg.jpg,"#earthquake, felt like I was on a boat, quite long. #Quetta",2013-09-24T11:42:37.000Z,,,,:
x,SportsNews_Roy,https://pbs.twimg.com/media/BU7M1rpCUAAZWLz.png,#Earthquake: PDMA issues alert warning to coastal areas.. #Pakistan,2013-09-24T11:42:13.000Z,Sindh,Pakistan,67.0822,24.9056:
x,GhareeboAjeeb,https://pbs.twimg.com/media/BU7M1rpCUAAZWLz.png,"RT @SameerSiddiki: #EarthQuake jokes are not cool. Stop being so 'K3wl' and behave like a human.May Allah bless #Pakistan, and #Karachi.",2013-09-24T11:42:43.000Z,Sindh,Pakistan,67.0822,24.9056:
x,iamhacker,https://pbs.twimg.com/media/BU7M1rpCUAAZWLz.png,"Quake of 7.8 magnitude strikes 145 miles South-South East of Dalbandin in Balochistan, #Pakistan",2013-09-24T11:43:18.000Z,NCT,India,77.22445,28.63576:
x,Samaa_Tv,https://pbs.twimg.com/media/BU7Or2bCMAErWJm.jpg,Quetta : #Balochistan Aur Mulk Kay Mukhtalif Elaqon Main Zalzalay Kay Jhatkay Mehsoos Kiye Gaye,2013-09-24T11:43:35.000Z,Balochist_Ñ¬Ån,Pakistan,67.00971,30.199:
x,wahaz,https://pbs.twimg.com/media/BU7O53mCAAALCy3.jpg,Huge 7.7 Magnitude Earthquake strikes Karachi #Pakistan OMG That's huge,2013-09-24T11:44:32.000Z,,,,:
x,fatimakhalil44,https://pbs.twimg.com/media/BU7PHGICMAAN_5O.jpg,"#EartQuake observed in different cities of #Pakistan almost in all provinces. We wish safety , peace from Allah...",2013-09-24T11:45:18.000Z,,,,:
x,kattitudette,https://fbcdn-profile-a.akamaihd.net/hprofile-ak-prn1/50213_558055487593047_161113075_q.jpg,"Earthquake, #Earthquake... E..a..r..t..h..q..u..a..k..e.. in #Delhi #india",2013-09-24T11:46:39.000Z,NCT,India,77.22445,28.63576:
x,dannews,https://pbs.twimg.com/media/BU6nZQWCQAAMacd.jpg,"RT @EconomicTimes: #Earthquake of 7.8 magnitude strikes 145 miles South-South East of Dalbandin in #Balochistan, Pakistan - USGS (Reuters)_¢‚Ç¨¬ù",2013-09-24T11:46:55.000Z,Auckland,New Zealand,174.78333,-36.85:
x,raiseqalam,https://pbs.twimg.com/media/BU7M1rpCUAAZWLz.png,my God felt my bed moving as I was on skype i thot my son was shaking it but #Karachi quake 7.7 magnitude in #Balochistan,2013-09-24T11:46:37.000Z,,,,:
x,sanarites,https://pbs.twimg.com/media/BU7PiOMCUAA2vq4.jpg,"RT @anthonypermal: It was a liberal earthquake. You know, the kind that originates in #Pakistan and then travels to Delhi.",2013-09-24T11:46:55.000Z,Sindh,Pakistan,67.0822,24.9056:
x,farah_lodhi,https://fbcdn-profile-a.akamaihd.net/hprofile-ak-prn1/50213_558055487593047_161113075_q.jpg,RT @KhanRahila: 7.7 #Eartquake : Allah Rehem Farmana #Sindh #Pakistan,2013-09-24T11:47:19.000Z,,Pakistan,70,30.0:
x,RudyABC15,https://pbs.twimg.com/media/BU7M1rpCUAAZWLz.png,"JUST IN: 7.8 magnitude #earthquake reported in #Pakistan, shaking felt across region. - @Reuters",2013-09-24T11:47:37.000Z,Arizona,United States,-112.07404,33.44838:
x,uzairmukthar,https://pbs.twimg.com/media/BU7PxilCEAAKHC2.jpg,Jis Ko Zalzaly Se Bachna Hai Twitter Pr Aaje #earthquake,2013-09-24T11:47:57.000Z,Sindh,Pakistan,67.0822,24.9056:
x,juanche33,https://pbs.twimg.com/media/BU7M1rpCUAAZWLz.png,RT @RT_com: BREAKING: 7.8 magnitude quake strikes #Pakistan DETAILS TO FOLLOW,2013-09-24T11:47:46.000Z,New Jersey,United States,-74.49987,40.16706:
x,hala_najeeb,https://fbcdn-profile-a.akamaihd.net/hprofile-ak-prn1/50213_558055487593047_161113075_q.jpg,"Chalo Beta, ab #earthquake trend kurdo jalidi say.",2013-09-24T11:47:59.000Z,,Pakistan,70,30.0:
x,arishkb,https://fbcdn-profile-a.akamaihd.net/hprofile-ak-prn1/50213_558055487593047_161113075_q.jpg,RT @WasayJalil: #Karachi mein bhee Zalzalay  Kay jhatkay mehsoos kiay gai Qasam say #MQM ka is say koi talluq Nahi hay #Pakistan #EarthQuake,2013-09-24T11:48:48.000Z,,,,:
x,pakistani_news,https://pbs.twimg.com/media/BU7QN6tCUAASNA7.jpg,Nairobi Live: `White Widow` entered Kenya with South African passport? - Zee News: IBNLiveNair... http://t.co/GcOYDhtht8 #pakistan #news,2013-09-24T11:49:57.000Z,,,,:
x,serdar__onal,https://pbs.twimg.com/media/BU7PxilCEAAKHC2.jpg,"RT @AlArabiya_Eng: #BreakingNews:   Quake of 7.8 magnitude strikes 145 miles south-south east of Dalbandin in Baluchistan, #Pakistan",2013-09-24T11:49:11.000Z,Tekirda_Ñ__,Turkey,27.5,41.0:
x,Ramxanali,https://pbs.twimg.com/media/BU7QX4LCEAAb7Xh.jpg,RT @WasayJalil: #Karachi mein bhee Zalzalay  Kay jhatkay mehsoos kiay gai Qasam say #MQM ka is say koi talluq Nahi hay #Pakistan #EarthQuake,2013-09-24T11:50:35.000Z,,United Arab Emirates,54,24.0:
x,FaizyTweets,https://pbs.twimg.com/media/BU7QX4LCEAAb7Xh.jpg,Aren't we lucky that we survived two different #earthquakes of magnitude 7.8 between 6 months?? #Karachi #Pakistan,2013-09-24T11:50:30.000Z,,,,:
x,FatmaDemirelli,https://pbs.twimg.com/media/BU7QX4LCEAAb7Xh.jpg,"RT @AlArabiya_Eng Quake of 7.8 magnitude strikes 145 miles south-south east of Dalbandin in Baluchistan, #Pakistan",2013-09-24T11:51:07.000Z,,,,:
x,fatimahamdani3,https://pbs.twimg.com/media/BU7PHGICMAAN_5O.jpg,Exclusive news video of a glass moving. Wow. #Earthquake #Karachi,2013-09-24T11:51:37.000Z,Sindh,Pakistan,67.0822,24.9056:
x,Fezmizter,https://fbcdn-profile-a.akamaihd.net/hprofile-ak-prn1/50213_558055487593047_161113075_q.jpg,RT @RT_com: BREAKING: 7.8 magnitude quake strikes #Pakistan DETAILS TO FOLLOW,2013-09-24T11:51:02.000Z,,,,:
x,a2zStuff,https://pbs.twimg.com/media/BU7QX4LCEAAb7Xh.jpg,"#Pakistan: #Earthquake shakes #Karachi, #Hyderabad, #Khuzdar, #Gwadar and some parts of #Sindh, #Balochistan More: http://t.co/pzdWb5YqnQ",2013-09-24T11:51:06.000Z,,,,:
x,Mahipal26Singh,https://pbs.twimg.com/media/BU7QX4LCEAAb7Xh.jpg,"RT @TheUnRealTimes: Tremors in NCR. Epicenter in Pak. Once again, Pak is the source of instability #Earthquake",2013-09-24T11:51:19.000Z,,,,:
x,shafeeu,https://pbs.twimg.com/media/BU7QX4LCEAAb7Xh.jpg,RT @RT_com: BREAKING: 7.8 magnitude quake strikes #Pakistan DETAILS TO FOLLOW,2013-09-24T11:52:33.000Z,,Maldives,73,3.2:
x,marahami,https://fbcdn-profile-a.akamaihd.net/hprofile-ak-prn1/50213_558055487593047_161113075_q.jpg,RT @LastQuake: Major M7.3 #earthquake shakes #Pakistan 17 min ago. Felt it? Report to: http://t.co/NOip61cFM7,2013-09-24T11:52:14.000Z,Kanagawa,Japan,139.6425,35.44778:
x,Duvlek,https://pbs.twimg.com/media/BU7Q0xWCEAAUXkG.jpg,RT @RT_com: BREAKING: 7.8 magnitude quake strikes #Pakistan DETAILS TO FOLLOW,2013-09-24T11:52:46.000Z,,,,:
x,FaisalAzfarAlvi,https://pbs.twimg.com/media/BU7QyuoCcAApNcX.jpg,#Pakistan #News Earthquake strikes Pakistan http://t.co/r5swlczrGY,2013-09-24T11:52:21.000Z,Isl_Ñ¬Åm_Ñ¬Åb_Ñ¬Åd,Pakistan,73.04329,33.72148:
x,ZeeshanHumayun,https://pbs.twimg.com/media/BU7QyuoCcAApNcX.jpg,Waiting for Pak Media to blame Imran Khan for #Earthquake,2013-09-24T11:52:44.000Z,,,,:
x,asmaalizain,https://pbs.twimg.com/media/BU3-VSfCUAAjz_I.jpg,"_¢‚Ç¨_ì@Rimmel_Mohydin: MT @CNBCPAKISTAN 7.7 earthquake rocks #Karachi and parts of Sindh and Balochistan, epicenter Khuzdar #Balochistan_¢‚Ç¨¬ù",2013-09-24T11:52:46.000Z,,,,:
x,Soleha_Abdul,https://pbs.twimg.com/media/BU7QyuoCcAApNcX.jpg,Earthquake also felt in India and Dubai.#earthquake #pakistan,2013-09-24T11:52:09.000Z,Sindh,Pakistan,67.0822,24.9056:
x,54noori,https://pbs.twimg.com/media/BU7RBlDCcAE22G-.jpg,"RT @Takhaan: Blame MQM ? ""@farah_lodhi: #EarthQuake in #Karachi, #Quetta, #Larkana &amp; d/f parts of #Sindh &amp; #Balochistan""",2013-09-24T11:53:03.000Z,,,,:
x,shaheerakhlaq,https://fbcdn-sphotos-b-a.akamaihd.net/hphotos-ak-ash3/q71/554126_581989545181002_419305473_n.jpg,RT @aurAdil: Jolts felt for approx 2 mins in #Karachi nd hyderabad.  #earthquake #pakistan,2013-09-24T11:53:44.000Z,Sindh,Pakistan,67.0822,24.9056:
x,ShehryarRS,https://pbs.twimg.com/media/BU7QyuoCcAApNcX.jpg,"RT @jomalhotra: With ex-army chief's admissions boiling the pot, here's a limited offer to #Pakistan.Want #Kashmir? Only if u take #VKSingh_¢‚Ç¨¬¶",2013-09-24T11:53:32.000Z,,Pakistan,70,30.0:
x,shuvankr,https://pbs.twimg.com/media/BU7QX4LCEAAb7Xh.jpg,Massive #earthquake in Pakistan Magnitude 7.4 depth 23 Km http://t.co/KqUdqIBODg,2013-09-24T11:53:49.000Z,,,,:
x,Tushar_Riddle,https://scontent-b-ord.xx.fbcdn.net/hphotos-ash3/s720x720/539141_10151582619227396_605963051_n.png,Hoping all is well in Pakistan. Enough troubles already. #earthquake,2013-09-24T11:53:39.000Z,,India,77,20.0:
x,_darkhours,https://pbs.twimg.com/media/BU7QyuoCcAApNcX.jpg,RT @LastQuake: Powerful #earthquake shakes Pakistan 21 min ago. Effects derived from witnesses' reports: http://t.co/W1WEOdqD0h,2013-09-24T11:53:24.000Z,,,,:
x,SirFauzanSaifi,http://d3j5vwomefv46c.cloudfront.net/photos/large/810834194.jpg?1380023528,@RT_com: BREAKING: 7.8 magnitude quake strikes #Pakistan DETAILS TO FOLLOW,2013-09-24T11:53:51.000Z,Selangor,Malaysia,101.5767,3.3213:
x,ThisIsPriyankar,https://pbs.twimg.com/media/BU7QX4LCEAAb7Xh.jpg,"Felt it again :-(""@EconomicTimes: #Earthquake shakes building in New Delhi. (Reuters)""",2013-09-24T11:53:09.000Z,NCT,India,77.22445,28.63576:
x,SidBwg,https://pbs.twimg.com/media/BU7QyuoCcAApNcX.jpg,"RT @iMudassir: 7.7 Richter scale earthquake in Delhi - #India and Karachi - #Pakistan. Tremors felt in #Dubai, UAE. Hope everyone's safe!",2013-09-24T11:53:12.000Z,,,,:
x,SandraBarrows,https://pbs.twimg.com/media/BU7RFX6CUAA9M8F.jpg,.@UNDP_Pakistan I'm watching the Social Good Summit Live: http://t.co/angbm8Kcf6 #2030NOW #Pakistan #Islamabad #socialmedia,2013-09-24T11:53:58.000Z,,Pakistan,70,30.0:
x,SeuAssis,https://pbs.twimg.com/media/BU7QX4LCEAAb7Xh.jpg,RT @RT_com: BREAKING: 7.8 magnitude quake strikes #Pakistan DETAILS TO FOLLOW,2013-09-24T11:54:34.000Z,,,,:
x,Salman_Nizamani,https://pbs.twimg.com/media/BU7RLkhCYAE8QM_.png,"RT @AamirRaz: Not just in #Karachi, tremors jolt other parts of #Sindh, too. #earthquake",2013-09-24T11:54:42.000Z,,Pakistan,70,30.0:
x,ebaikh,https://pbs.twimg.com/media/BU7M1rpCUAAZWLz.png,I was sleeping. Just woke up after my aunt came to tell. Didn't feel anything. #Earthquake #Karachi.,2013-09-24T11:54:13.000Z,,,,:
x,punjabinik,https://pbs.twimg.com/media/BU7QX4LCEAAb7Xh.jpg,RT @RT_com: BREAKING: Shaking felt across region as 7.8 magnitude quake hits Baluchistan province in #Pakistan - USGS http://t.co/fmytyHEJf4,2013-09-24T11:54:55.000Z,,,,:
x,AHFarooqui,https://pbs.twimg.com/media/BU7RLkhCYAE8QM_.png,Musalmaano Sudhar jao .... #Earthquake,2013-09-24T11:54:52.000Z,Punjab,Pakistan,74.34361,31.54972:
x,HariMirchein,https://scontent-b-ord.xx.fbcdn.net/hphotos-ash4/q71/1374126_692935864067236_564938578_n.jpg,"RT @NewEarthquake 7.4 #earthquake, 69km NNE of Awaran, Pakistan. Sep 24 16:29 at epicenter (19m ago, depth 23km). http://t.co/su5iECIv7O",2013-09-24T11:54:28.000Z,,,,:
x,Pk_News_alert,https://pbs.twimg.com/media/BU7QX4LCEAAb7Xh.jpg,"Earthquake jolts #Karachi, other parts of #Pakistan | #PakistanAlert http://t.co/AFHYbTVdlD",2013-09-24T11:55:08.000Z,,,,:
x,hazaryildirim,https://pbs.twimg.com/media/BU7QX4LCEAAb7Xh.jpg,RT @RT_com: BREAKING: 7.8 magnitude quake strikes #Pakistan DETAILS TO FOLLOW,2013-09-24T11:55:27.000Z,Istanbul,Turkey,28.98331,41.03508:
x,JadeerAnsari1,https://pbs.twimg.com/media/BU7RgTyCQAANwRk.jpg,RT @pharhansuhail: #Earthquake at Horizon Tower #clifton #Karachi #panorama http://t.co/B4wlxXCAGC,2013-09-24T11:55:01.000Z,Sindh,Pakistan,67.0822,24.9056:
x,pthemissionary,https://pbs.twimg.com/media/BU7RLkhCYAE8QM_.png,"Pak. where they murdered n church Sun, 7.8 is HUGE MT @RT_com BREAKING Shaking felt across region as 7.8 magnitude quake hits...in #Pakistan",2013-09-24T11:55:29.000Z,,,,:
x,stenorkunst,http://d3j5vwomefv46c.cloudfront.net/photos/large/810834194.jpg?1380023528,RT @LastQuake: felt #earthquake M7.2 strikes 266 km W of #L_Ñ¬Årk_Ñ¬Åna (#Pakistan) 23 min ago. Please report to: http://t.co/NOip61cFM7  http://_¢‚Ç¨¬¶,2013-09-24T11:55:57.000Z,North Rhine-Westphalia,Germany,7.1002,50.73616:
x,Marina_AgN,https://pbs.twimg.com/media/BU7Q0xWCEAAUXkG.jpg,cc @Ignatios_Dalton RT @LastQuake #earthquake M7.2 strikes 266 km W of #L_Ñ¬Årk_Ñ¬Åna (#Pakistan) http://t.co/5tgVmQZiTW  http://t.co/RpA7hIGobC,2013-09-24T11:55:20.000Z,Crete,Greece,24.89502,35.15585:
x,Takhaan,https://pbs.twimg.com/media/BU7RLkhCYAE8QM_.png,RT @Karachies: Tremors In #Karachi #Hyderabad #Thatta #Sindh #Pakistan http://t.co/dIH7zw4xw2,2013-09-24T11:55:18.000Z,,,,:
x,shariqa_ahmed,https://pbs.twimg.com/media/BU7Rkl1CIAAkqaV.jpg,RT @Takhaan: MQM is responsible for #EarthQuake - Imran Khan,2013-09-24T11:55:04.000Z,Sindh,Pakistan,67.0822,24.9056:
x,murtaza352,https://pbs.twimg.com/media/BUyX3YlCMAAVwHw.jpg,Zalzala #earthquake #karachi,2013-09-24T11:55:21.000Z,Sindh,Pakistan,67.0822,24.9056:
x,54noori,https://scontent-b-ord.xx.fbcdn.net/hphotos-prn2/s720x720/1255200_560826790649250_372858059_n.png,RT @shariqa_ahmed: RT @WasayJalil: #Karachi mein bhee Zalzalay  Kay jhatkay mehsoos kiay gai Qasam say #MQM ka is say koi talluq Nahi hay #_¢‚Ç¨¬¶,2013-09-24T11:55:58.000Z,,,,:
x,rahila_ghazal,https://pbs.twimg.com/media/BU7RLkhCYAE8QM_.png,A Symbolic #Kashmir Walk on #Pakistan Defense Day in #Islamabad http://t.co/i3gshJjCje  http://t.co/hfKBlD3b6X  http://t.co/4uuWZKi93A #YFK,2013-09-24T11:55:09.000Z,Isl_Ñ¬Åm_Ñ¬Åb_Ñ¬Åd,Pakistan,73.04329,33.72148:
x,NadiaWadud,https://pbs.twimg.com/media/BU7Q0xWCEAAUXkG.jpg,"RT @AnjumKiani: Epicentre of Earthquake is Dalbandin, Balochistan. #Pakistan http://t.co/NBgOYvajlH",2013-09-24T11:55:38.000Z,,Pakistan,70,30.0:
x,damienwalshe99,http://d3j5vwomefv46c.cloudfront.net/photos/large/810834665.png?1380023654,RT @RT_com: BREAKING: 7.8 magnitude quake strikes #Pakistan DETAILS TO FOLLOW,2013-09-24T11:56:05.000Z,,,,:
x,bohotsaara,http://d3j5vwomefv46c.cloudfront.net/photos/large/810834998.jpg?1380023741,"RT @raiseqalam: #earthquake in #Karachi 7.7 magnitude media say 10 km depth, and 212 km",2013-09-24T11:56:45.000Z,,,,:
x,afzaal_k,https://pbs.twimg.com/media/BU7PHGICMAAN_5O.jpg,RT @Shahidmasooddr: Reports of casualties from Balochistan! #Earthquake,2013-09-24T11:56:43.000Z,,Canada,-113.64258,60.10867:
x,WALIFAQIHCELL,https://pbs.twimg.com/media/BU7R0PVCIAAOTPq.jpg,"RT@WALIFAQIHCELL:Namaz e Ayat Alert&gt;Khi Samait Mulk K Mukhtalif Hison Mai Zalzaly K Jhatke,Mominin Kasrat Se Astagfar Krain #EarthQuake",2013-09-24T11:56:15.000Z,,,,:
x,RokhaN_,https://pbs.twimg.com/media/BU7R1AtCcAAZQ_l.jpg,RT @Shahidmasooddr: Reports of casualties from Balochistan! #Earthquake,2013-09-24T11:56:43.000Z,Alabama,United States,-86.80249,33.52066:
x,KarrieKehoe,https://pbs.twimg.com/media/BU7Q0xWCEAAUXkG.jpg,RT @nitabhalla: Details on the #quake GDACS says 7.5M and 10 KM depth  http://t.co/ayrTLOCUay  #pakistan #baluchistan #india #earthquake,2013-09-24T11:56:50.000Z,,,,:
x,mj_lynch,https://pbs.twimg.com/media/BU7QyuoCcAApNcX.jpg,"RT @AyeshaHasan: I felt the tremor in #Karachi. RT @NewEarthquake: 7.4 #earthquake, 69km NNE of Awaran, #Pakistan http://t.co/4lsukF4YUg",2013-09-24T11:57:02.000Z,,Australia,135,-25.0:
x,maguedrefaat,https://pbs.twimg.com/media/BU7RLkhCYAE8QM_.png,RT @Shorouk_News: #_ò¬ß_ô‚Äû_ò¬¥_ò¬±_ôÀÜ_ô‚Äö | _ô‚Ä°_ò¬__ò¬© _ò¬£_ò¬±_ò¬__ô_†_ò¬© _ò¬®_ô‚Äö_ôÀÜ_ò¬© 7.8 _ò¬__ô‚Äû_ô‚Ä_ _ô‚Ä¶_ô‚Äö_ô_†_ò¬ß_ò¬_ _ò¬±_ò¬Æ_ò¬™_ò¬± _ò¬™_ò¬__ò¬±_ò¬® #_ò¬®_ò¬ß_ô_í_ò¬__ò¬™_ò¬ß_ô‚Ä†#Pakistan,2013-09-24T11:57:30.000Z,,Egypt,30,27.0:
x,phycelghos,https://pbs.twimg.com/media/BU7QX4LCEAAb7Xh.jpg,Felt #earthquake  jolts in #Karachi ... Right now!,2013-09-24T11:57:15.000Z,,,,:
x,hijazi_adeel,https://pbs.twimg.com/media/BU7PHGICMAAN_5O.jpg,RT @Shahidmasooddr: Reports of casualties from Balochistan! #Earthquake,2013-09-24T11:57:51.000Z,,,,:
x,faisal_hayyat,https://fbcdn-profile-a.akamaihd.net/hprofile-ak-prn1/50213_558055487593047_161113075_q.jpg,@maruikhan Its SERIOUS :Pthere are reports regarding casualities in #Balochistan,2013-09-24T11:58:05.000Z,Punjab,Pakistan,74.34361,31.54972:
x,linaginting2,https://pbs.twimg.com/media/BU7SggPCYAAPhsX.jpg,RT @RT_com: UPDATE: 7.4 quake strikes southwestern #Pakistan with tremors felt across region and as far as Delhi http://t.co/fmytyHEJf4,2013-09-24T11:59:54.000Z,West Java,Indonesia,107.5,-6.75:
x,AnonLulzOps,https://fbcdn-profile-a.akamaihd.net/hprofile-ak-prn1/50213_558055487593047_161113075_q.jpg,RT @RT_com: UPDATE: 7.4 quake strikes southwestern #Pakistan with tremors felt across region and as far as Delhi http://t.co/fmytyHEJf4,2013-09-24T11:59:55.000Z,,,,:
x,abdullahyounas,https://fbcdn-profile-a.akamaihd.net/hprofile-ak-prn1/50213_558055487593047_161113075_q.jpg,Hope everyone is safe in #Karachi and surrounding areas. #Earthquake.,2013-09-24T11:59:26.000Z,,Pakistan,70,30.0:
x,AmiSri,https://pbs.twimg.com/media/BU7SkW-CAAEi_sT.jpg,7.8 quake hits Pakistan. (Intensity at epicenter) #Earthquake,2013-09-24T12:00:16.000Z,,India,77,20.0:
x,Vadverdj,https://pbs.twimg.com/media/BU4ahhKCEAAHVkg.jpg,RT @BhavyaBhatia3: _¢‚Ç¨_ì@Vadverdj: #earthquake once again. May ALLAH keep everyone safe. Aameen. #Karachi_¢‚Ç¨¬ù omg,2013-09-24T12:00:18.000Z,Sindh,Pakistan,67.0822,24.9056:
x,Tahrirlaser,https://pbs.twimg.com/media/BU7SopqCIAARThc.jpg,RT @PervezEngr: Extreme Grief #Peshawar CHURCH Bombings BUT2nd Caliph Omar bin KhetabPROMISEDhttp://t.co/gn3faeDgVO#Syria #Egypt #Sa_¢‚Ç¨¬¶,2013-09-24T12:00:20.000Z,,,,:
x,mafett3,https://pbs.twimg.com/media/BU7PHGICMAAN_5O.jpg,"RT @AlArabiya_Eng: #BreakingNews:   Quake of 7.8 magnitude strikes 145 miles south-south east of Dalbandin in Baluchistan, #Pakistan",2013-09-24T12:00:40.000Z,,,,:
x,nasser_alhinai2,https://pbs.twimg.com/media/BU7SvJaCEAATtBz.jpg,@ALEMDAD: #_ò¬__ò¬ß_ò¬¨_ô‚Äû#_ò¬__ô‚Äû_ò¬__ò¬ß_ô‚Äû _ô‚Äö_ôÀÜ_ô_† _ô¬Å_ô_† #_ò¬®_ò¬ß_ô_í_ò¬__ò¬™_ò¬ß_ô‚Ä† _ô‚Äö_ôÀÜ_ò¬© _ô¬ß._ô¬•7.5 #earthquake in #Pakistan http://t.co/v9E8g89D8s http://t.co/2r1Vor1I6q,2013-09-24T12:00:04.000Z,,Oman,57,21.0:
x,asfaruqui,https://pbs.twimg.com/media/BU7QN6tCUAASNA7.jpg,RT @Moiz: It seems like the #earthquake hit twitter harder than the city. #Karachi,2013-09-24T12:00:52.000Z,,,,:
x,KamalFaridi,https://pbs.twimg.com/media/BU7SopqCIAARThc.jpg,#Pakistan PHC orders legislation against illegal SIMs - Business Recorder: Business RecorderPHC orders legisla... http://t.co/wWFGdqFrA8,2013-09-24T12:01:42.000Z,,,,:
x,sanmansp,https://pbs.twimg.com/media/BU7SopqCIAARThc.jpg,#emergency #earthquake in #ncr #noida,2013-09-24T12:01:43.000Z,,,,:
x,FaysalAbbaci,https://pbs.twimg.com/media/BU7RLkhCYAE8QM_.png,"Stay safe ""@FaizaYousuf: Just called home, everyone is out. I hope everything settles down soon! #Karachi #Earthquake""",2013-09-24T12:01:47.000Z,Punjab,Pakistan,74.34361,31.54972:
x,shuvankr,https://pbs.twimg.com/media/BU7SopqCIAARThc.jpg,USGS Shakemap ( Cat IX)  Pager will be Red http://t.co/W3ANUPdgWu _¢‚Ç¨¬¶  #Pakistan #Earthquake,2013-09-24T12:01:20.000Z,,,,:
x,KamalFaridi,https://pbs.twimg.com/media/BU7SopqCIAARThc.jpg,#Pakistan Pak Islamic Council says no need to amend country's blasphemy laws - Newstrack India: The Express Tr... http://t.co/wzFyr2zNha,2013-09-24T12:01:42.000Z,,,,:
x,4mTelangana,https://pbs.twimg.com/media/BU7Szc8CQAANZXl.jpg,"RT @680News: 7.5-magnitude #earthquake strikes southern coast of #Pakistan, USGS says. No reports of damages or injuries. http://t.co/1HCyc_¢‚Ç¨¬¶",2013-09-24T12:01:49.000Z,,,,:
x,AKcrazy18,https://pbs.twimg.com/media/BU7SopqCIAARThc.jpg,RT @FaToTheRah: Or mini skirts pehan k sea side pe ghumo :p #MahnoorBaloch #Karachi #EarthQuake,2013-09-24T12:01:36.000Z,,,,:
x,KamalFaridi,https://pbs.twimg.com/media/BU7SopqCIAARThc.jpg,#Pakistan Nairobi Live: `White Widow` entered Kenya with South African passport? - Zee News: Indian ExpressNai... http://t.co/mlw4k420p6,2013-09-24T12:01:42.000Z,,,,:
x,StarkRaving1,https://pbs.twimg.com/media/BU7SopqCIAARThc.jpg,"7.7 Earthquake PAKISTAN: Tuesday, 24 September 2013 16:29:49 PST 10 120 km SW of Khuzdar, Balochistan 7.7http://t.co/XXv4xOUspv#earthquake",2013-09-24T12:01:58.000Z,,,,:
x,sanmansp,https://pbs.twimg.com/media/BU7S0fwCcAALKmW.jpg,#earthquake in #noida #ncr #india,2013-09-24T12:01:43.000Z,,,,:
x,KidUnlucky,https://pbs.twimg.com/media/BU7SopqCIAARThc.jpg,RT @FaToTheRah: Or mini skirts pehan k sea side pe ghumo :p #MahnoorBaloch #Karachi #EarthQuake,2013-09-24T12:02:03.000Z,,,,:
x,piil03,https://pbs.twimg.com/media/BU7S0fwCcAALKmW.jpg,"RT @AlArabiya_Eng: #BreakingNews:   Quake of 7.8 magnitude strikes 145 miles south-south east of Dalbandin in Baluchistan, #Pakistan",2013-09-24T12:02:06.000Z,,,,:
x,sadem33,https://pbs.twimg.com/media/BU7SopqCIAARThc.jpg,RT @MogolKurdu: #SONDAK_Ñ¬_KA #Pakistan'_Ñ¬±n #Belucistan eyaletinde 7.8 b_É¬ºy_É¬ºkl_É¬º_Ñ___É¬ºnde bir deprem meydana geldi.,2013-09-24T12:02:42.000Z,,,,:
x,z_a_siddiqui,https://pbs.twimg.com/media/BU7PHGICMAAN_5O.jpg,RT @WasayJalil: #Karachi mein bhee Zalzalay  Kay jhatkay mehsoos kiay gai Qasam say #MQM ka is say koi talluq Nahi hay #Pakistan #EarthQuake,2013-09-24T12:02:05.000Z,Sindh,Pakistan,67.0822,24.9056:
x,adhy_007,https://fbcdn-sphotos-c-a.akamaihd.net/hphotos-ak-frc1/q71/1229836_617979738253524_589310507_n.jpg,RT @waddeywaheed: BREAKING: 7.8 magnitude quake strikes #Pakistan DETAILS TO FOLLOW_¢‚Ç¨¬ù,2013-09-24T12:02:26.000Z,Maale,Maldives,73.50888,4.1748:
x,affandawood,https://pbs.twimg.com/media/BUe7vD7CYAAu2H6.jpg,RT @SyedFarhanShah3: @ImranKhanPTI Sb Ko #Earthquake Sye Pehly Karachi Main Majud Hona Chahiye tha.. Raza Rumanvi,2013-09-24T12:02:19.000Z,,,,:
x,Shah_KPK,https://pbs.twimg.com/media/BU7TIboCUAAXZUb.jpg,RT @RT_com: UPDATE: 7.4 quake strikes southwestern #Pakistan with tremors felt across region and as far as Delhi http://t.co/fmytyHEJf4,2013-09-24T12:02:36.000Z,,Pakistan,70,30.0:
x,IamImraanKhan,https://pbs.twimg.com/media/BU7SopqCIAARThc.jpg,All those who were making fun at the time :( #earthquake,2013-09-24T12:03:33.000Z,,Pakistan,70,30.0:
x,miiheiko,https://pbs.twimg.com/media/BU7TPCKCIAESqjW.jpg,RT @nitabhalla: #Pakistan #earthquake revised down to 7.4/7.5 magnitude and depth varies from 10km to 22 km says usgs and gdacs #india #dis_¢‚Ç¨¬¶,2013-09-24T12:03:59.000Z,,,,:
x,adeelkhan77,https://scontent-b-ord.xx.fbcdn.net/hphotos-prn1/s720x720/1234756_558140757584520_638829625_n.png,#EarthQuake 7.4 69 Km NNE Awaran #Pakistan 23 Km deep. Tremors felt #Pakistan #India #Oman #UAE_¢‚Ç¨¬¶ http://t.co/tHc9A5Sqmz,2013-09-24T12:03:32.000Z,Masqa_Ö¬£,Oman,58.5922,23.61387:
x,ItsRmsha,https://pbs.twimg.com/media/BU7QX4LCEAAb7Xh.jpg,"RT @etribune: (Breaking) According to USGS, the earthquake lasted for eight seconds http://t.co/C6ZRzBMTyM #Pakistan",2013-09-24T12:04:01.000Z,,,,:
x,IrfanAhmed57,https://pbs.twimg.com/media/BU7ThR_CAAEkTfy.jpg,"RT @Razarumi: Stay safe Pak- Strong #earthquake, 7.8 magnitude, reported in Balochistan, #Pakistan, USGS says; shaking felt across region -_¢‚Ç¨¬¶",2013-09-24T12:04:48.000Z,,,,:
x,kamerunAlvarez1,https://fbcdn-profile-a.akamaihd.net/hprofile-ak-prn1/50213_558055487593047_161113075_q.jpg,"RT @INFOen140: #ALERTA - REITERAMOS Fuerte terremoto en #Pakistan. Los primeros reportes indican que seria de 7,4",2013-09-24T12:04:15.000Z,Misiones,Argentina,-55.11994,-27.48706:
x,Madina_e_Sani,https://pbs.twimg.com/media/BU7PHGICMAAN_5O.jpg,Video | Maria Shah: Raise your voice for #Kashmir | http://t.co/lLYnDL5HZl #YFK #Pakistan @kashmir4pak,2013-09-24T12:04:19.000Z,,,,:
x,Avilyn_18,https://pbs.twimg.com/media/BU7PHGICMAAN_5O.jpg,@kirti_2758 heard abt d #Earthquake tremors felt in Delhi..hope u r ok.,2013-09-24T12:04:08.000Z,Mah_Ñ¬År_Ñ¬Åshtra,India,72.88261,19.07283:
x,Newspoint2,https://pbs.twimg.com/media/BU7ThnICQAAtfF4.jpg,"#BreakingPoint:QUETTA: Awaran me Zalzalay ke Shadeed Jhatkon se Kachay Makanat Gir gaye,Jani Nuqsan ki Ithlaa nai Mili.#Earthquake",2013-09-24T12:04:21.000Z,Balochist_Ñ¬Ån,Pakistan,67.00971,30.199:
x,Assadyousufzai,https://pbs.twimg.com/media/BU7TIboCUAAXZUb.jpg,#ThatsMyIK i cann't foget that Night #LoveYouKhan #PTI #PTIFamily #Pakistan http://t.co/HCjJmALvTm,2013-09-24T12:04:22.000Z,,,,:
x,avadheshmahajan,https://pbs.twimg.com/media/BU7S0fwCcAALKmW.jpg,North India average 7 Richter scale #earthquake,2013-09-24T12:04:59.000Z,,India,77,20.0:
x,amithpanchal,https://pbs.twimg.com/media/BU7SvJaCEAATtBz.jpg,_†¬™‚Ä† _†¬™¬§_†¬´‚Ä_ _†¬™¬__†¬™_ì_†¬™¬®_†¬´‚Ç¨_†¬™‚Ä¢_†¬™¬æ_†¬™‚Äö_†¬™¬§ _†¬™¬®_†¬´‚Ä_ _†¬™¬Æ_†¬´‚Ä__†¬™¬¨_†¬™¬æ_†¬™ÀÜ_†¬™¬_ _†¬™‚Ä†_†¬™_ì_†¬´‚Ä° vibrate _†¬™¬™_†¬™¬_ _†¬™¬__†¬™¬§_†¬´‚Ä_ _†¬™¬è_†¬™___†¬™¬__†¬´‚Ä° ! #earthquake,2013-09-24T12:04:02.000Z,Gujar_Ñ¬Åt,India,72.58726,23.02579:
x,FARID17PATHAN,https://pbs.twimg.com/media/BU7TovtCMAAYL6V.jpg,"If you phone vibrates while checking Google Maps on Android, it's an #earthquake joke..",2013-09-24T12:04:54.000Z,Gujar_Ñ¬Åt,India,72.58726,23.02579:
x,PT__BINOKULAR,https://pbs.twimg.com/media/BU7Q6ACCYAA57Gt.jpg,RT @RT_com: UPDATE: 7.4 quake strikes southwestern #Pakistan with tremors felt across region and as far as Delhi http://t.co/fmytyHEJf4,2013-09-24T12:04:38.000Z,Jakarta Raya,Indonesia,106.84513,-6.21462:
x,mahnooriqbal1D,https://pbs.twimg.com/media/BU7ThR_CAAEkTfy.jpg,#earthquake,2013-09-24T12:04:15.000Z,England,United Kingdom,-0.70312,52.16045:
x,Rowan_olmanbob,https://fbcdn-profile-a.akamaihd.net/hprofile-ak-prn1/50213_558055487593047_161113075_q.jpg,RT @RT_com: BREAKING: 7.8 magnitude quake strikes #Pakistan DETAILS TO FOLLOW,2013-09-24T12:05:06.000Z,,,,:
x,muditbagri,https://scontent-a-ord.xx.fbcdn.net/hphotos-ash3/q71/1240465_480873235352876_1661081123_n.jpg,#Earthquake - Finally Delhi shaken - hopefully some politician will wake up,2013-09-24T12:05:37.000Z,,,,:
x,SaveKhi,https://pbs.twimg.com/media/BU7Szc8CQAANZXl.jpg,RT @CNBCPAKISTAN: #Breaking: communication systems destroyed in Awaran and parts of Balochistan after severe Earthquake #Pakistan,2013-09-24T12:05:11.000Z,Sindh,Pakistan,67.0822,24.9056:
x,fmtn_mrk2,https://pbs.twimg.com/media/BU7QX4LCEAAb7Xh.jpg,"RT @AlArabiya_Eng: #BreakingNews:   Quake of 7.8 magnitude strikes 145 miles south-south east of Dalbandin in Baluchistan, #Pakistan",2013-09-24T12:05:34.000Z,,,,:
x,ZoyaGhafoorShah,https://fbcdn-profile-a.akamaihd.net/hprofile-ak-prn1/50213_558055487593047_161113075_q.jpg,RT @Sameen_Hamid: May Allah keep Everyone Safe! Ameen #earthquake,2013-09-24T12:05:16.000Z,,,,:
x,somaiya19,https://pbs.twimg.com/media/BU7T3tCCcAEyegu.jpg,RT @AsadSiddiqui_: Earthquake????!!!!!:o #Karachi #Pakistan,2013-09-24T12:05:33.000Z,,,,:
x,SportsReporter_,https://pbs.twimg.com/media/BU7S0fwCcAALKmW.jpg,"RT @etribune: (Breaking) Reports are coming in of houses damaged in Pasni and Awaran, Balochistan after the earthquake.http://t.co/C6ZRzBMT_¢‚Ç¨¬¶",2013-09-24T12:05:22.000Z,,,,:
x,NEWSFolders,https://pbs.twimg.com/media/BU7T5xyCEAAxy7T.jpg,"Islamabad: Strong earthquake, 7.8 magnitude, reported in #Balochistan, Pakistan, @USGS says; shaking felt across region - Update soon",2013-09-24T12:06:18.000Z,,,,:
x,Manithan1st,https://fbcdn-profile-a.akamaihd.net/hprofile-ak-prn1/50213_558055487593047_161113075_q.jpg,"7.8 earthquake, 69km NNE of Awaran, Pakistan. Sep 24 16:29 at epicenter (32m ago, depth 15km)-Satru Mun #Pakistan'il Nila Athirvu.",2013-09-24T12:07:32.000Z,,Sri Lanka,81,7.0:
x,DanyyOfficial,https://pbs.twimg.com/media/BU7Szc8CQAANZXl.jpg,The #real #khushi #happiness #coming #back to your #homeland #pakistan #desi #wish #pakistani #green http://t.co/11e5rnh5gk,2013-09-24T12:07:52.000Z,,United Kingdom,-2.69531,54.75844:
x,FaizAliKamran,http://d3j5vwomefv46c.cloudfront.net/photos/large/810837575.jpg?1380024459,"BREAKING: #Pakistan quake magnitude revised from 7.4 to 7.8, local TV says jolts lasted for about 2 mins",2013-09-24T12:08:48.000Z,Punjab,Pakistan,74.34361,31.54972:
x,SalmanTW_PK,https://fbcdn-profile-a.akamaihd.net/hprofile-ak-prn1/50213_558055487593047_161113075_q.jpg,RT @Shahidmasooddr: Reports of casualties from Balochistan! #Earthquake,2013-09-24T12:08:53.000Z,,,,:
x,mobipik,https://pbs.twimg.com/media/BU7SopqCIAARThc.jpg,"Strong #earthquake strikes remote western Pakistan, felt in New Delhi #India",2013-09-24T12:08:17.000Z,NCT,India,77.22445,28.63576:
x,eizaburomake,https://scontent-a-ord.xx.fbcdn.net/hphotos-prn2/q71/s720x720/1234739_568070869924842_783339189_n.jpg,"RT @RT_com: BREAKING: #Pakistan quake magnitude revised from 7.4 to 7.8, local TV says jolts lasted for about 2 mins http://t.co/fmytyHEJf4",2013-09-24T12:08:34.000Z,,,,:
x,amzarul,https://pbs.twimg.com/media/BU7UpEBCUAA1a3V.jpg,"RT @RT_com: BREAKING: #Pakistan quake magnitude revised from 7.4 to 7.8, local TV says jolts lasted for about 2 mins http://t.co/fmytyHEJf4",2013-09-24T12:09:16.000Z,Pulau Pinang,Malaysia,100.33543,5.41123:
x,SedraHassan,https://fbcdn-profile-a.akamaihd.net/hprofile-ak-prn1/50213_558055487593047_161113075_q.jpg,Actually for Media and people outside offices are having a auditions on road #Pakistan #Karachi,2013-09-24T12:09:20.000Z,,,,:
x,HewadNews,https://pbs.twimg.com/media/BU7UrT4CcAELeH3.png,"Earth Quake Was Felt At 04:29 PM, After Shocks May Come. Director Seismic Zahid Rafi #Earthquake #Quetta #Balochistan #Karachi #Sindh",2013-09-24T12:09:36.000Z,,,,:
x,robertore62,https://pbs.twimg.com/media/BU7SopqCIAARThc.jpg,"RT @BreakingNews:Strong #earthquake, 7.8 magnitude, reported in Balochistan, Pakistan, USGS says; shaking felt across region - @Reuters",2013-09-24T12:09:00.000Z,,,,:
x,zuk60,https://pbs.twimg.com/media/BU7ThR_CAAEkTfy.jpg,RT @sabena_siddiqi: The #earthquake struck at a depth of 28km Express News reports. http://t.co/rrZjSIAVcG_¢‚Ç¨¬¶ #Pakistan,2013-09-24T12:09:15.000Z,,United Kingdom,-2.69531,54.75844:
x,Wolfgang_H,https://pbs.twimg.com/media/BU7AXeECUAIV5nG.jpg,RT @Muschelschloss: Sehr schweres #Erdbeben in #Pakistan. USGS meldet eine St_É¬§rke von 7.4 Magn. http://t.co/r277ThjD53 http://t.co/cBGZre5C_¢‚Ç¨¬¶,2013-09-24T12:09:56.000Z,,Austria,13.33333,47.33333:
x,QuakesToday,https://fbcdn-sphotos-e-a.akamaihd.net/hphotos-ak-frc1/q71/s720x720/1239888_569124169819512_1705347804_n.jpg,"2.0 magnitude #earthquake. 26 km from King City, CA, United States.http://t.co/VkwRVx3K1x",2013-09-24T12:10:26.000Z,,,,:
x,zuk60,https://pbs.twimg.com/media/BU7SopqCIAARThc.jpg,@sabena_siddiqi #ALLAH is 'Naraaz' with our deeds.. #oneummah #unity #peace #Respect &gt;&gt;&gt; dead if it ever existed #pakistan,2013-09-24T12:10:28.000Z,,United Kingdom,-2.69531,54.75844:
x,AlessAmato,https://pbs.twimg.com/media/BU7SopqCIAARThc.jpg,#terremoto #Pakistan Zona poco abitata fortunatamente: 16.000 entro il IX grado Mercalli #SalaSismica #INGV http://t.co/dP5I1aJh2I,2013-09-24T12:10:49.000Z,Latium,Italy,12.49575,41.90036:
x,QuakesToday,https://fbcdn-profile-a.akamaihd.net/hprofile-ak-prn1/50213_558055487593047_161113075_q.jpg,"5.9 magnitude #earthquake. 110 km from Khuzdar, Balochistan, Pakistan.http://t.co/nyWYapzwfz",2013-09-24T12:10:12.000Z,,,,:
x,abc15,https://pbs.twimg.com/media/BU7U-o_CAAEODEG.jpg,UPDATE: Official says #earthquake of magnitude 7.7 hits southwestern #Pakistan. -@AP,2013-09-24T12:10:21.000Z,Arizona,United States,-112.07404,33.44838:
x,HENRYFOREROJ,https://pbs.twimg.com/media/BU7R0PVCIAAOTPq.jpg,RT @CNBCPAKISTAN: #Breaking: communication systems destroyed in Awaran and parts of Balochistan after severe Earthquake #Pakistan,2013-09-24T12:10:48.000Z,Atl_É¬°ntico,Colombia,-74.78132,10.96854:
x,HockeyTarheel,https://pbs.twimg.com/media/BU7M1rpCUAAZWLz.png,"RT @RT_com: BREAKING: #Pakistan quake magnitude revised from 7.4 to 7.8, local TV says jolts lasted for about 2 mins http://t.co/fmytyHEJf4",2013-09-24T12:10:05.000Z,,,,:
x,Pakistani86,https://pbs.twimg.com/media/BU7ThR_CAAEkTfy.jpg,RT @plus_socialgood: #SocialGoodSummit on tech + media -&gt; #2030Now under way in #Pakistan &amp; #Turkey. Follow @UNDP_Pakistan &amp; @UNDPTurkiye f_¢‚Ç¨¬¶,2013-09-24T12:10:14.000Z,,,,:
x,jhinjhak05,https://pbs.twimg.com/media/BU7VD8ICUAAPJjT.jpg,#earthquake Pakistan...are you ok?,2013-09-24T12:11:05.000Z,Uttar Pradesh,India,80.34627,26.4478:
x,ChristianFathe,https://pbs.twimg.com/media/BU7VNttCYAI5VrL.jpg,#Karachi People rush out of their offices as 7.8 magnitude #Earthquake jolts #Pakistan http://t.co/cfoCwkPyhb,2013-09-24T12:11:25.000Z,,Pakistan,70,30.0:
x,SriLanka,https://pbs.twimg.com/media/BU7VK3GCUAEycEq.jpg,A 7.8 magnitude #earthquake struck in #Pakistan and was felt in the Indian capital of #NewDelhi where buildings shook-Foreign media,2013-09-24T12:11:41.000Z,,,,:
x,oddyvinny,https://pbs.twimg.com/media/BU4ahhKCEAAHVkg.jpg,RT @RT_com: BREAKING: 7.8 magnitude quake strikes #Pakistan DETAILS TO FOLLOW,2013-09-24T12:11:45.000Z,,Kenya,37.94052,0.23206:
x,Urdu_Quran,https://fbcdn-profile-a.akamaihd.net/hprofile-ak-prn1/50213_558055487593047_161113075_q.jpg,_ò¬ß_õ‚Äô _ò¬ß_õ_í_ô‚Ä¶_ò¬ß_ô‚Ä† _ôÀÜ_ò¬ß_ô‚Äû_ôÀÜ ! _ò¬±_ö¬©_ôÀÜ_ò¬_ _ò¬ß_ôÀÜ_ò¬± _ò¬__ò¬¨_ò¬Ø_õ¬Å _ö¬©_ò¬±_ôÀÜ _ò¬ß_ôÀÜ_ò¬± _ò¬ß_ô¬æ_ô‚Ä†_õ‚Äô _ò¬±_ò¬® _ö¬©_õ_í _ò¬®_ô‚Ä†_ò¬Ø_ö¬Ø_õ_í _ö¬©_ò¬±_ôÀÜ _ò¬ß_ôÀÜ_ò¬± _ò¬®_ö¬æ_ô‚Äû_ò¬ß_ò¬¶_õ_í _ö¬©_ò¬±_ôÀÜ _ò¬™_ò¬ß_ö¬©_õ¬Å _ò¬™_ô‚Ä¶_õ¬Å_ò¬ß_ò¬±_ò¬ß _ò¬®_ö¬æ_ô‚Äû_ò¬ß _õ¬Å_ôÀÜ-(_ò¬__ôÀÜ_ò¬±_ò¬© _ò¬ß_ô‚Äû_ò¬__ò¬¨ 77) #EarthQuake,2013-09-24T12:12:57.000Z,,,,:
x,z_a_siddiqui,https://pbs.twimg.com/media/BU7VRp4CYAAanhi.jpg,"jese zalzlay se bahir nikal aye sab, wese namaz k lye nikal aya karen, tou zalaza na aye :) #earthquake  #karachi",2013-09-24T12:12:55.000Z,Sindh,Pakistan,67.0822,24.9056:
x,BitCoin_Win,https://pbs.twimg.com/media/BU7VRp4CYAAanhi.jpg,RT @RT_com: BREAKING: 7.8 magnitude quake strikes #Pakistan DETAILS TO FOLLOW,2013-09-24T12:12:24.000Z,,,,:
x,altaf_nz,https://pbs.twimg.com/media/BU7VRp4CYAAanhi.jpg,"RT @sorayalennie: Reports - 7.8 magnitude quake in pakistan balochistan province, borders iran. No news of casualties. #iran #Pakistan",2013-09-24T12:12:39.000Z,Auckland,New Zealand,174.78333,-36.85:
x,IsraelZarceno,https://pbs.twimg.com/media/BU7VRp4CYAAanhi.jpg,"RT @RT_com: BREAKING: #Pakistan quake magnitude revised from 7.4 to 7.8, local TV says jolts lasted for about 2 mins http://t.co/fmytyHEJf4",2013-09-24T12:12:50.000Z,,,,:
x,ARISCHILLAN,https://pbs.twimg.com/media/BU7VRp4CYAAanhi.jpg,"RT @SebaYevenes: [URGENTE] #PAKISTAN: Fuerte Terremoto de 7,8 grados sacude al pa_É¬_s. SHOA descarta tsunami para #Chile",2013-09-24T12:13:44.000Z,,,,:
x,sankalhoro,https://fbcdn-profile-a.akamaihd.net/hprofile-ak-prn1/50213_558055487593047_161113075_q.jpg,"RT @AJELive: #BreakingNews: Strong earthquake strikes remote western #Pakistan, felt in New Delhi | More soon... http://t.co/j8ob17QFMl",2013-09-24T12:13:23.000Z,Sindh,Pakistan,67.0822,24.9056:
x,RjRajaJee,https://pbs.twimg.com/media/BU7Vq9mCIAA9Am2.png,and Allah has given us another warning. #Karachi #Earthquake,2013-09-24T12:13:12.000Z,,,,:
x,SaudagarMerym,https://pbs.twimg.com/media/BU7VRp4CYAAanhi.jpg,RT @etribune: (Breaking) Chief Meteorologist confirms a 7.7 magnitude earthquake struck parts of Sindh and Balochistan.http://t.co/C6ZRzBMT_¢‚Ç¨¬¶,2013-09-24T12:13:56.000Z,,,,:
x,FatiaHikma,https://pbs.twimg.com/media/BU7VRp4CYAAanhi.jpg,"RT @680News: 7.5-magnitude #earthquake strikes southern coast of #Pakistan, USGS says. No reports of damages or injuries. http://t.co/1HCyc_¢‚Ç¨¬¶",2013-09-24T12:13:48.000Z,,,,:
x,fayyazalishah,https://pbs.twimg.com/media/BU7VRp4CYAAanhi.jpg,"Muhammad Tauseef Alam. Chief Meteorologist says today's earthquake was bigger and severe than that of 8th October , 2005#earthquake",2013-09-24T12:14:23.000Z,,,,:
x,voltaire,https://pbs.twimg.com/media/BU7VRp4CYAAanhi.jpg,Stay safe #Pakistan ! _¢‚Ç¨_ì@AsadNasir80: This is what saved us. #Earthquake http://t.co/2UwLjyKvWG_¢‚Ç¨¬ù,2013-09-24T12:14:58.000Z,,Philippines,122,13.0:
x,AmaanBaluch,https://pbs.twimg.com/media/BU7Vzy3CEAAzK3I.jpg,Finaly #Teen se jaaan choooot gai :P #earthquake will gonna be top on the Trnd in Pakistan :P,2013-09-24T12:14:45.000Z,,Pakistan,70,30.0:
x,wakeuptariq,https://pbs.twimg.com/media/BU7VRp4CYAAanhi.jpg,Stupid people .. instead of running out of Building they are updating #Earthquake on FB &amp; twitter,2013-09-24T12:14:36.000Z,Sindh,Pakistan,67.0822,24.9056:
x,zayedbaloch,https://pbs.twimg.com/media/BU7VRp4CYAAanhi.jpg,"#Earthquake: Many people injured and various houses are reported major damage in Dalhandin Mashkeel, Awaran and other areas of #Balochistan.",2013-09-24T12:14:47.000Z,,Bahrain,50.5,26.0:
x,nim_RAmxan,https://pbs.twimg.com/media/BU7V2-jCQAAx8A0.png,"RT @TimeUrdu: aaj ka lafz : "" dhoo'n-taal "" means zalzala, taqatwar, zoraawar or bhonchal #TimeUrdu #Earthquake",2013-09-24T12:14:32.000Z,,,,:
x,valariyansteel,https://pbs.twimg.com/media/BU7U-o_CAAEODEG.jpg,Seriously koi warning system hona chaiye. So that a man knows whether it is an appropriate time to take a shower :P #earthquake,2013-09-24T12:14:32.000Z,Sindh,Pakistan,67.0822,24.9056:
x,lpasqualis,https://pbs.twimg.com/media/BU7U-o_CAAEODEG.jpg,"A significant #earthquake was reported by the USGS: M 7.4 - 69km NNE of Awaran, Pakistan",2013-09-24T12:15:25.000Z,Washington,United States,-122.20068,47.61038:
x,B5_Rundschau,https://pbs.twimg.com/media/BU7V-BPCYAIBU30.jpg,"Ein schweres #Erdbeben der St_É¬§rke 7,7 hat Beh_É¬_rdenangaben zufolge am Dienstag den S_É¬ºdwesten von #Pakistan ersch_É¬ºttert.",2013-09-24T12:15:55.000Z,,,,:
x,TimeUrdu,https://fbcdn-profile-a.akamaihd.net/hprofile-ak-prn1/50213_558055487593047_161113075_q.jpg,"the Urdu word for #Earthquake ""zalzala"" came from Arabic language derived from zalzil means violently shaken having roots zal =&gt; [to slip]",2013-09-24T12:15:08.000Z,,,,:
x,Kali_Ghata,https://pbs.twimg.com/media/BU7ThR_CAAEkTfy.jpg,"RT @Moiz: 8 seconds, 15km deep, 7.8, 69km NNE of Awaran, Balochistan, Pakistan. #earthquake",2013-09-24T12:15:14.000Z,Central Region,Nepal,85.3206,27.70169:
x,syedmhaider,https://pbs.twimg.com/media/BU7U-o_CAAEODEG.jpg,"RT @stalemt: @syedmhaider looks like even god is not in favor of dialogue with the beasts #TTP #Taliban killer of 70K pakistani's, so he se_¢‚Ç¨¬¶",2013-09-24T12:15:51.000Z,,,,:
x,sameen_mohsin,https://pbs.twimg.com/media/BU6TLRbCEAAZqu8.jpg,RT @etribune: (News) Rape cases: _¢‚Ç¨ÀúDNA test not admissible as primary evidence_¢‚Ç¨‚Ñ¢ http://t.co/THWZ3SIIUJ #Pakistan,2013-09-24T12:15:33.000Z,Punjab,Pakistan,74.34361,31.54972:
x,sirgolly,https://pbs.twimg.com/media/BU7VRp4CYAAanhi.jpg,"RT @Zuzzy: Violentissimo terremoto in #Pakistan, magnitudo 7.8 http://t.co/kd4viXvaM3",2013-09-24T12:15:16.000Z,,Italy,12.83333,42.83333:
x,twinklespinalot,https://pbs.twimg.com/media/BU3-VSfCUAAjz_I.jpg,"RT @aneyeofsky: :7.4 magnitude #earthquake. 119 km from Bela, Balochistan, Pakistan.http://t.co/ZeXS1vzySL""",2013-09-24T12:15:13.000Z,,United Kingdom,-2.69531,54.75844:
x,usamaejaz,https://pbs.twimg.com/media/BU7U-o_CAAEODEG.jpg,"Strong #earthquake, #Awaran #Balochistan, #Hyderabad #Pakistan, Sep-24 11:36 UTC, http://t.co/L3gfRN9go8 :o",2013-09-24T12:15:12.000Z,,,,:
x,Karachi,https://pbs.twimg.com/media/BU7WOEuCUAAGG6A.jpg,[@The_Nation] 35 suspects arrested in Karachi http://t.co/GYyj6GUs9z #Karachi #Pakistan,2013-09-24T12:16:18.000Z,,Pakistan,70,30.0:
x,ePakistaneNews,https://pbs.twimg.com/media/BU7QN6tCUAASNA7.jpg,"Unconfirmed Reports: Many people injured, various houses damaged in Dalhandin Mashkeel, Awaran and other areas of #Balochistan #Earthquake",2013-09-24T12:16:37.000Z,,,,:
x,RaufAbdur,http://d3j5vwomefv46c.cloudfront.net/photos/large/810839545.jpg?1380024992,7.7 earthquake jolted Khuzdar for 10 second #Balochistan  @SuzannaKoster,2013-09-24T12:16:52.000Z,,,,:
x,xclaus,https://pbs.twimg.com/media/BU7VRp4CYAAanhi.jpg,RT @IvanMercadoNews: Le asignan nueva escala al terremoto de #Pakistan Lo ubican ahora en 7.4 grados. El pa_É¬_s ha disparado su alerta roja.,2013-09-24T12:16:38.000Z,,,,:
x,JeffPriceMedia,https://pbs.twimg.com/media/BU7WUW5CIAAq_IZ.jpg,RT @AJELive: #USGS: A powerful 7.4-magnitude #earthquake has hit southwestern #Pakistan | Developing story: http://t.co/TjDBBfox5o,2013-09-24T12:16:34.000Z,England,United Kingdom,-0.12574,51.50853:
x,Imran_mirzaa,https://pbs.twimg.com/media/BU7SopqCIAARThc.jpg,RT @SsamanJay: Hoping all my friends and everyone is safe #KarachiEarthquake #Pakistan,2013-09-24T12:17:43.000Z,Sindh,Pakistan,67.0822,24.9056:
x,myth_musa,https://pbs.twimg.com/media/BU7SopqCIAARThc.jpg,_©_ì‚Ä°_¶¬_¬ê_•_ì¬__£_í‚Äò_£‚Äö¬__£‚Äö¬__£‚Äö¬ø_£_í¬_http://t.co/dcg4WFEgQr_£‚Ç¨‚Ç¨_Ø¬º_í_•_ì¬__©_ì‚Ä°_£‚Ç¨‚Ç¨_Ø¬º_íearthquake,2013-09-24T12:17:28.000Z,,,,:
x,asadzaidi,https://pbs.twimg.com/media/BU7WcYPCAAA6iJu.jpg,#Earthquake in #Pakistan! I didn't feel in Delhi though.. Hope everything is OK!,2013-09-24T12:17:34.000Z,NCT,India,77.22445,28.63576:
x,CrazyIsla,https://pbs.twimg.com/media/BU7SopqCIAARThc.jpg,#earthquake in various areas in Pakistan... May ALLAH safe US all Ameen..,2013-09-24T12:18:52.000Z,,,,:
x,HariMirchein,https://pbs.twimg.com/media/BU7WyNUCcAE2nz4.jpg,RT @samramuslim: #ZindaBhaag has done about PKR 4.5 million in opening weekend in #Pakistan. Via @hyzaidi. My review is here http://t.co/Dg_¢‚Ç¨¬¶,2013-09-24T12:18:33.000Z,,,,:
x,techahmed1,https://pbs.twimg.com/media/BU7Vq9mCIAA9Am2.png,Reports of Damages by #earthquake in #awaraan area of  #Pakistan.  GOD Bless us all.,2013-09-24T12:18:09.000Z,,,,:
x,Hoosier2012,https://pbs.twimg.com/media/BU7WwgmCYAAxBMz.jpg,"RT @weatherchannel: BREAKING: @USGS issues ""RED"" alert for 7.8 Pakistan #earthquake; USGS model estimates 73% chance of 1,000+ deaths.",2013-09-24T12:18:29.000Z,Indiana,United States,-86.15804,39.76838:
x,Nour_Press,https://fbcdn-profile-a.akamaihd.net/hprofile-ak-prn1/50213_558055487593047_161113075_q.jpg,"earthquake measuring 7.8 on the Richter scale has struck southwest #Pakistan, with tremors felt across the region and as far as #Delhi#world",2013-09-24T12:19:31.000Z,Ontario,Canada,-75.69812,45.41117:
x,CheeButter,https://scontent-a-ord.xx.fbcdn.net/hphotos-prn2/q71/s720x720/1234739_568070869924842_783339189_n.jpg,"RT @weatherchannel: BREAKING: @USGS issues ""RED"" alert for 7.8 Pakistan #earthquake; USGS model estimates 73% chance of 1,000+ deaths.",2013-09-24T12:19:14.000Z,New York,United States,-75.4999,43.00035:
x,aamanatullah,https://pbs.twimg.com/media/BU7WwgmCYAAxBMz.jpg,"RT @kashaziz: Dollar going up 1Rs per day, standing at 107.70 in open market today. #Pakistan",2013-09-24T12:19:16.000Z,,,,:
x,connectedtoashu,https://pbs.twimg.com/media/BU7XAQQCUAA66Wi.png,"Zor Ka Jhatka..Kis kis ko Dheere se Laga, Haan Laga #Earthquake.!!",2013-09-24T12:19:46.000Z,NCT,India,77.22445,28.63576:
x,azaralizain,https://pbs.twimg.com/media/BU7W-0jCQAAkKHH.jpg,7.4/7.7 magnitude earthquake hits Baluchistan/Sindh in #Pakistan. Stay safe everyone.,2013-09-24T12:19:53.000Z,,,,:
x,AliRezaRizvi,https://pbs.twimg.com/media/BU7U-o_CAAEODEG.jpg,Lehad Me Aaye Thay Jhoolay Ko Chor Ker Asghar// Tou Zalzalou'n Nay Zamee'n Ko Bana Dia Jhoola. #Earthquake #Pakistan,2013-09-24T12:19:49.000Z,,Pakistan,70,30.0: